selection,general,delete,test
kurier,kurier,,software
pflegehelfer,pflegehelfer,,fahrer
versandabwicklung,versandabwicklung,,thug
aushilfe verkauf,aushilfe,,
abräumer,abräumer,,
gebäudereiniger,gebäudereiniger,,
krankenpflegehelfer,krankenpflegehelfer,,
umzugshelfer,umzugshelfer,,
malerfachhelfer,malerfachhelfer,,
kassierer,kassierer,,
eventpersonal,eventpersonal,,
marktmitarbeiter,marktmitarbeiter,,
abbrucharbeiter,abbrucharbeiter,,
glasreiniger,glasreiniger,,
maurerhelfer,maurerhelfer,,
speisenausgabe,speisenausgabe,,
lackierer helfer,lackierer,,
sicherheitskontrolle,sicherheitskontrolle,,
spühlhilfe,spühlhilfe,,
rider,rider,,
reinigungspersonal,reinigungspersonal,,
fahrer speisentransport,fahrer,,
postbote pakete,postbote,,
zimmerreinigung,zimmerreinigung,,
quereinsteiger für service und instandhaltung,quereinsteiger,,
inventur,inventur,,
zusteller,zusteller,,
bodenlegerhelfer,bodenlegerhelfer,,
mitarbeiter reinigung,mitarbeiter,,
expressdienst,expressdienst,,
auslieferungsfahrer,frühstücksservice,,
frühstücksservice,paketzusteller,,
paketzusteller,veranstaltungen,,
helfer für veranstaltungen & konzerte,warenverräumung,,
warehouse mitarbeiter,reiniger,,
warenverräumung,handwerk,,
fahrer,prospektverteiler,,
werttransportfahrer,warenverräumer,,
flughafenreiniger,lagerist,,
handwerkshelfer,barmitarbeiter,,
prospektverteiler,servicekraft,,
mitarbeiter im kurier- / paket- und expressdienst,picker,,
warenverräumer,lagermitarbeiter,,
lagerist,reinigung,,
barmitarbeiter,paket,,
servicekraft,fliesenleger,,
picker,bau,,
lagermitarbeiter,bohr,,
reinigungsarbeiter,essensausgabe,,
paket,paketbote,,
fliesenleger helfer,pausenservice,,
bauhelfer,maurer,,
tourenfahrer,lagertätigkeit,,
bohrhelfer,helfer produktion,,
essensausgabe,paketdienst,,
mitarbeiter verkauf,frachtabfertiger,,
paketbote,kommissionierer,,
pausenservice,umzugs,,
maurer helfer,waren,,
lagertätigkeit,verkäufer,,
helfer produktion,haushalts,,
paketdienst,aufbau,,
frachtabfertiger,küchen,,
paketfahrer,kasse,,
kommissionierer,restaurant,,
umzugs helfer,hotelreiniger,,
warenausgang,verlader,,
vorarbeiter reinigung,monteur,,
verkäufer,logistik,,
haushaltshilfen,gebäude,,
aufbauhelfer,dachdecker,,
mitarbeiter logistik,barkeeper,,
küchenmitarbeiter,reinigungs,,
mitarbeiter kasse,logistiker,,
postzusteller,haushalt,,
mitarbeiter im restaurant,servicefahrer,,
hotelreiniger,makerhelfer,,
verlader,regalauffüller,,
monteur quereinsteiger,verpackung,,
reinigungsfachkraft,bäcker,,
logistikmitarbeiter,produktionsmitarbeiter,,
gebäudereinigung,kellner,,
dachdeckerhelfer,bringdienst,,
barkeeper,pflege,,
reinigungskraft,lager,,
besorgungsfahrer,kurierdienst,,
küchenhilfe,fachhelfer,,
reinigungsmitarbeiter,fertigungshelfer,,
warenlogistiker,küchenteam,,
haushaltshilfe,runner,,
logistiker,montagearbeiter,,
servicefahrer,produktionshelfer,,
makerhelfer,sortierer,,
regalauffüller,verkaufshilfe,,
fahrradfahrer apotheken,kaufhausdetektiv,,
verpackung,triebfahrzeugführer,,
bäckerhelfer,gastronomie,,
flugzeugreiniger,altenpflege,,
produktionsmitarbeiter,servicemitarbeiter,,
reinigung,spüler,,
kellner,fahrrad,,
bringdienst,hilfspersonal,,
hilfskraft in der pflege,sanierung,,
lagerhelfer,gepäckabfertigung,,
kurierdienst,gerüstbau,,
fachhelfer,hauswirtschaft,,
fertigungshelfer,fertigungs helfer,,
küchenteam,lokführer,,
runner,versandmitarbeiter,,
montagearbeiter,verkäufer im einzelhandel,,
produktionshelfer,hygienepersonal,,
sortierer,thekenkraft,,
verkaufshilfe,haushandwerker,,
kaufhausdetektiv,eisverkäufer,,
triebfahrzeugführer,frühstück,,
mitarbeiter in der gastronomie,botendienstfahrer,,
mitarbeiter warenverräumung,bodenleger,,
wareneingang,transport,,
fahrer für catering,gebäudetechniker,,
altenpflegehelfer,griller,,
außenreinigung,spülkraft,,
servicemitarbeiter an den kontrollspuren,malerfach,,
spüler,frachtabfertigung,,
warenannahme,bartender,,
fahrradfahrer,fahrzeugbeladung,,
warenausgabe,kantine,,
lackiererhelfer,housekeeper,,
postbote,servicehilfe,,
hilfspersonal,maschinenhelfer,,
sanierungshelfer,kassenkraft,,
unterhaltsreinigung,kiosk,,
gepäckabfertigung,lager und versand,,
küchenhilfskraft,check-in agent,,
gerüstbauhelfer,catering,,
hauswirtschaft,regalpflege,,
fertigungs helfer,lieferer,,
quereinsteiger lokführer,shopmitarbeiter,,
versandmitarbeiter,maler,,
verkäufer im einzelhandel,fahrdienst,,
hygienepersonal,sicherheitspersonal,,
thekenkraft,kundenberater,,
innenreinigung,auffüller,,
fliesenlegerhelfer,briefe,,
warenwirtschaft,abbauhelfer,,
quereinsteiger filiale,mitarbeiter information,,
zimmerreiniger,holdienst,,
haushandwerker,helfer,,
eisverkäufer,handwerker,,
frühstücksmitarbeiter,handwerks,,
botendienstfahrer,sanierungs,,
hallenreinigung,ausbau,,
fahrer im nahverkehr,bauzeichner,,
bodenleger helfer,hochbau,,
landtransport,installateur,,
gebäudetechniker,steinbildhauer,,
griller,steinmetz,,
spülkraft,tiefbau,,
malerfach helfer,polier,,
frachtabfertigung,spengler,,
quereinsteiger,dachklempner,,
berufskraftfahrer,zimmerer,,
bartender,zimmermann,,
fahrzeugbeladung,gasinstallation,,
kantinenmitarbeiter,wasserinstallation,,
housekeeper,malerei,,
servicehilfe,lackiererei,,
maschinenhelfer,trockenbau,,
kurierdienstfahrer,trockenbauer,,
logistik,straßenbauer,,
mitarbeiter im bereich logistik,asphaltierer,,
servicemitarbeiter,pflasterer,,
pizzafahrer,montage,,
kassenkraft,abriss,,
quereinsteiger kurier,handwerklichem,,
verkaufsfahrer,baustelle,,
kurierfahrer,allrounder bau,,
lkw fahrer,quereinsteiger bau,,
gastronomie,elektro,,
reinigungsassistent,elektriker,,
kiosk mitarbeiter,monteur wärmepumpe,,
lager und versand,monteur waermepumpe,,
lieferfahrer,installateur wärmepumpe,,
check-in agent,installateur waermepumpe,,
catering,elektroniker,,
regalpflege,anlagenmechaniker,,
catering mitarbeiter,steinsetzer,,
paketlieferer,gala-bauer,,
shopmitarbeiter,mitarbeiter baustelle,,
malerhelfer,baustellen aufsicht,,
apotheken lieferfahrer,baugeräteführer,,
fahrdienst,brunnenbauer,,
sicherheitspersonal,kanalbauer,,
aushilfsfahrer,hochbaufacharbeiter,,
kundenberater,gerüstbauer,,
auffüller,rohrleitungsbauer,,
postbote briefe,tiefbaufacharbeiter,,
abbauhelfer,stahlbau,,
mitarbeiter information,betonbauer,,
holdienst,stahlbetonbauer,,
helfer,bauwerksabdichter,,
maurer,mechatroniker,,
bau,ausbaufacharbeiter,,
bohr,glaser,,
gerüstbau,estrichleger,,
handwerker,parkettleger,,
handwerks,,,
sanierungs,,,
ausbau,,,
bauzeichner,,,
handwerk,,,
hochbau,,,
installateur,,,
monteur,,,
steinbildhauer,,,
steinmetz,,,
tiefbau,,,
polier,,,
dachdecker,,,
spengler,,,
dachklempner,,,
zimmerer,,,
zimmermann,,,
gasinstallation,,,
wasserinstallation,,,
malerei,,,
lackiererei,,,
trockenbau,,,
maler,,,
trockenbauer,,,
straßenbauer,,,
asphaltierer,,,
pflasterer,,,
montage,,,
abriss,,,
hilfskraft mit handwerklichem geschick,,,
allrounder baustelle,,,
quereinsteiger baustelle,,,
allrounder bau,,,
quereinsteiger bau,,,
elektro,,,
elektriker,,,
monteur wärmepumpe,,,
monteur waermepumpe,,,
installateur wärmepumpe,,,
installateur waermepumpe,,,
elektroniker,,,
bodenleger,,,
anlagenmechaniker,,,
steinsetzer,,,
gala-bauer,,,
baustelle,,,
mitarbeiter baustelle,,,
baustellen aufsicht,,,
baugeräteführer,,,
brunnenbauer,,,
kanalbauer,,,
hochbaufacharbeiter,,,
gerüstbauer,,,
rohrleitungsbauer,,,
tiefbaufacharbeiter,,,
stahlbau,,,
betonbauer,,,
stahlbetonbauer,,,
bauwerksabdichter,,,
mechatroniker,,,
ausbaufacharbeiter,,,
glaser,,,
estrichleger,,,
fliesenleger,,,
lackierer,,,
parkettleger,,,
